1;BSB DISBRAVE;TABELA AUTOMOVEL;CONSULTOR 007 - EQ. INTERNAS
2;BSB DISBRAVE;TABELA AUTOMOVEL;CONSULTOR 007 - EQ. INTERNAS - INSIDE SALES
3;BSB DISBRAVE;TABELA AUTOMOVEL;CONSULTOR AUTÔNOMO - MEI
4;BSB DISBRAVE;TABELA AUTOMOVEL;CONSULTOR CLT - A PARTIR JAN-2018
5;BSB DISBRAVE;TABELA AUTOMOVEL;CONSULTOR DE PARCEIRO
6;BSB DISBRAVE;TABELA AUTOMOVEL;CONSULTOR FREE LANCER
7;BSB DISBRAVE;TABELA AUTOMOVEL;CONSULTOR INSIDE SALES CLT
8;BSB DISBRAVE;TABELA AUTOMOVEL;CONSULTOR INTERNO INSIDE SALES
9;BSB DISBRAVE;TABELA AUTOMOVEL;CONSULTOR MEI - CONTRATO TEMPORÁRIO
10;BSB DISBRAVE;TABELA AUTOMOVEL;CONSULTOR TELL
11;BSB DISBRAVE;TABELA AUTOMOVEL;FUNCIONARIO/ESTAGIÁRIO
12;BSB DISBRAVE;TABELA AUTOMOVEL;GERENTE EQUIPE INTERNA
13;BSB DISBRAVE;TABELA AUTOMOVEL;PARCEIRINHO
14;BSB DISBRAVE;TABELA AUTOMOVEL;PARCEIRINHO - SUPERVISOR 
15;BSB DISBRAVE;TABELA AUTOMOVEL;PARCEIRINHO EQUIPE RODRIGO
16;BSB DISBRAVE;TABELA AUTOMOVEL;PARCEIRINHO RODRIGO - FREE LANCE
17;BSB DISBRAVE;TABELA AUTOMOVEL;PARCEIRINHO SOBRAL
18;BSB DISBRAVE;TABELA AUTOMOVEL;PARCEIRO FERREIRA
19;BSB DISBRAVE;TABELA AUTOMOVEL;PARCEIRO TIPO DN A PARTIR 19-07-2018
20;BSB DISBRAVE;TABELA AUTOMOVEL;PARCEIROS EMPRESA - CONTRATOS A PARTIR JAN-2018
21;BSB DISBRAVE;TABELA AUTOMOVEL;PARCEIROS EMPRESAS - CONTRATO ATÉ DEZ-2017
22;BSB DISBRAVE;TABELA AUTOMOVEL;REPRESENTANTE - COM CONSULTOR
23;BSB DISBRAVE;TABELA AUTOMOVEL;REPRESENTANTE DN - 2023
24;BSB DISBRAVE;TABELA AUTOMOVEL;REPRESENTAÇÃO - EDUARDO
25;BSB DISBRAVE;TABELA AUTOMOVEL;REPRESENTAÇÃO - LOCARFLEX
26;BSB DISBRAVE;TABELA AUTOMOVEL;SUPERVISOR CLT - INSIDE SALES
27;BSB DISBRAVE;TABELA AUTOMOVEL;SUPERVISOR EQUIPE CLT - JUNIOR 01/01/18 Á 18/06/2018
28;BSB DISBRAVE;TABELA AUTOMOVEL;SUPERVISOR EQUIPE CLT - JUNIOR A PARTIR DE 19/06/2018 
29;BSB DISBRAVE;TABELA AUTOMOVEL;SUPERVISOR EQUIPE CLT - PLENO ATE DEZ 2017
30;BSB DISBRAVE;TABELA AUTOMOVEL;SUPERVISOR EQUIPE CLT - PLENO INICIO JAN 2018
31;BSB DISBRAVE;TABELA AUTOMOVEL;SUPERVISOR TELL
32;BSB DISBRAVE;TABELA AUTOMOVEL;TIPO DN 2 - JUNHO2021
33;BSB DISBRAVE;TABELA AUTOMOVEL;VENDEDOR DE PARCEIRO - DEZ/17
34;BSB DISBRAVE;TABELA AUTOMOVEL;VENDEDOR DE PARCEIRO - JAN/2018
35;BSB DISBRAVE;TABELA AUTOMOVEL;VENDEDOR PARCEIRO - TIPO DN
36;BSB DISBRAVE;TABELA IMOVEL 50%;CONSULTOR 007 - EQ. INTERNAS
37;BSB DISBRAVE;TABELA IMOVEL 50%;CONSULTOR 007 - EQ. INTERNAS - INSIDE SALES
38;BSB DISBRAVE;TABELA IMOVEL 50%;CONSULTOR AUTÔNOMO - MEI
39;BSB DISBRAVE;TABELA IMOVEL 50%;CONSULTOR CLT - A PARTIR JAN-2018
40;BSB DISBRAVE;TABELA IMOVEL 50%;CONSULTOR DE PARCEIRO
41;BSB DISBRAVE;TABELA IMOVEL 50%;CONSULTOR FREE LANCER
42;BSB DISBRAVE;TABELA IMOVEL 50%;CONSULTOR INSIDE SALES CLT
43;BSB DISBRAVE;TABELA IMOVEL 50%;CONSULTOR INTERNO INSIDE SALES
44;BSB DISBRAVE;TABELA IMOVEL 50%;CONSULTOR MEI - CONTRATO TEMPORÁRIO
45;BSB DISBRAVE;TABELA IMOVEL 50%;CONSULTOR TELL
46;BSB DISBRAVE;TABELA IMOVEL 50%;FUNCIONARIO/ESTAGIÁRIO
47;BSB DISBRAVE;TABELA IMOVEL 50%;GERENTE EQUIPE INTERNA
48;BSB DISBRAVE;TABELA IMOVEL 50%;PARCEIRINHO
49;BSB DISBRAVE;TABELA IMOVEL 50%;PARCEIRINHO - SUPERVISOR 
50;BSB DISBRAVE;TABELA IMOVEL 50%;PARCEIRINHO EQUIPE RODRIGO
51;BSB DISBRAVE;TABELA IMOVEL 50%;PARCEIRINHO RODRIGO - FREE LANCE
52;BSB DISBRAVE;TABELA IMOVEL 50%;PARCEIRINHO SOBRAL
53;BSB DISBRAVE;TABELA IMOVEL 50%;PARCEIRO FERREIRA
54;BSB DISBRAVE;TABELA IMOVEL 50%;PARCEIRO TIPO DN A PARTIR 19-07-2018
55;BSB DISBRAVE;TABELA IMOVEL 50%;PARCEIROS EMPRESA - CONTRATOS A PARTIR JAN-2018
56;BSB DISBRAVE;TABELA IMOVEL 50%;PARCEIROS EMPRESAS - CONTRATO ATÉ DEZ-2017
57;BSB DISBRAVE;TABELA IMOVEL 50%;REPRESENTANTE - COM CONSULTOR
58;BSB DISBRAVE;TABELA IMOVEL 50%;REPRESENTANTE DN - 2023
59;BSB DISBRAVE;TABELA IMOVEL 50%;REPRESENTAÇÃO - EDUARDO
60;BSB DISBRAVE;TABELA IMOVEL 50%;REPRESENTAÇÃO - LOCARFLEX
61;BSB DISBRAVE;TABELA IMOVEL 50%;SUPERVISOR CLT - INSIDE SALES
62;BSB DISBRAVE;TABELA IMOVEL 50%;SUPERVISOR EQUIPE CLT - JUNIOR 01/01/18 Á 18/06/2018
63;BSB DISBRAVE;TABELA IMOVEL 50%;SUPERVISOR EQUIPE CLT - JUNIOR A PARTIR DE 19/06/2018 
64;BSB DISBRAVE;TABELA IMOVEL 50%;SUPERVISOR EQUIPE CLT - PLENO ATE DEZ 2017
65;BSB DISBRAVE;TABELA IMOVEL 50%;SUPERVISOR EQUIPE CLT - PLENO INICIO JAN 2018
66;BSB DISBRAVE;TABELA IMOVEL 50%;SUPERVISOR TELL
67;BSB DISBRAVE;TABELA IMOVEL 50%;TIPO DN 2 - JUNHO2021
68;BSB DISBRAVE;TABELA IMOVEL 50%;VENDEDOR DE PARCEIRO - DEZ/17
69;BSB DISBRAVE;TABELA IMOVEL 50%;VENDEDOR DE PARCEIRO - JAN/2018
70;BSB DISBRAVE;TABELA IMOVEL 50%;VENDEDOR PARCEIRO - TIPO DN
71;BSB DISBRAVE;TABELA IMOVEL ;CONSULTOR 007 - EQ. INTERNAS
72;BSB DISBRAVE;TABELA IMOVEL ;CONSULTOR 007 - EQ. INTERNAS - INSIDE SALES
73;BSB DISBRAVE;TABELA IMOVEL ;CONSULTOR AUTÔNOMO - MEI
74;BSB DISBRAVE;TABELA IMOVEL ;CONSULTOR CLT - A PARTIR JAN-2018
75;BSB DISBRAVE;TABELA IMOVEL ;CONSULTOR DE PARCEIRO
76;BSB DISBRAVE;TABELA IMOVEL ;CONSULTOR FREE LANCER
77;BSB DISBRAVE;TABELA IMOVEL ;CONSULTOR INSIDE SALES CLT
78;BSB DISBRAVE;TABELA IMOVEL ;CONSULTOR INTERNO INSIDE SALES
79;BSB DISBRAVE;TABELA IMOVEL ;CONSULTOR MEI - CONTRATO TEMPORÁRIO
80;BSB DISBRAVE;TABELA IMOVEL ;CONSULTOR TELL
81;BSB DISBRAVE;TABELA IMOVEL ;FUNCIONARIO/ESTAGIÁRIO
82;BSB DISBRAVE;TABELA IMOVEL ;GERENTE EQUIPE INTERNA
83;BSB DISBRAVE;TABELA IMOVEL ;PARCEIRINHO
84;BSB DISBRAVE;TABELA IMOVEL ;PARCEIRINHO - SUPERVISOR 
85;BSB DISBRAVE;TABELA IMOVEL ;PARCEIRINHO EQUIPE RODRIGO
86;BSB DISBRAVE;TABELA IMOVEL ;PARCEIRINHO RODRIGO - FREE LANCE
87;BSB DISBRAVE;TABELA IMOVEL ;PARCEIRINHO SOBRAL
88;BSB DISBRAVE;TABELA IMOVEL ;PARCEIRO FERREIRA
89;BSB DISBRAVE;TABELA IMOVEL ;PARCEIRO TIPO DN A PARTIR 19-07-2018
90;BSB DISBRAVE;TABELA IMOVEL ;PARCEIROS EMPRESA - CONTRATOS A PARTIR JAN-2018
91;BSB DISBRAVE;TABELA IMOVEL ;PARCEIROS EMPRESAS - CONTRATO ATÉ DEZ-2017
92;BSB DISBRAVE;TABELA IMOVEL ;REPRESENTANTE - COM CONSULTOR
93;BSB DISBRAVE;TABELA IMOVEL ;REPRESENTANTE DN - 2023
94;BSB DISBRAVE;TABELA IMOVEL ;REPRESENTAÇÃO - EDUARDO
95;BSB DISBRAVE;TABELA IMOVEL ;REPRESENTAÇÃO - LOCARFLEX
96;BSB DISBRAVE;TABELA IMOVEL ;SUPERVISOR CLT - INSIDE SALES
97;BSB DISBRAVE;TABELA IMOVEL ;SUPERVISOR EQUIPE CLT - JUNIOR 01/01/18 Á 18/06/2018
98;BSB DISBRAVE;TABELA IMOVEL ;SUPERVISOR EQUIPE CLT - JUNIOR A PARTIR DE 19/06/2018 
99;BSB DISBRAVE;TABELA IMOVEL ;SUPERVISOR EQUIPE CLT - PLENO ATE DEZ 2017
100;BSB DISBRAVE;TABELA IMOVEL ;SUPERVISOR EQUIPE CLT - PLENO INICIO JAN 2018
101;BSB DISBRAVE;TABELA IMOVEL ;SUPERVISOR TELL
102;BSB DISBRAVE;TABELA IMOVEL ;TIPO DN 2 - JUNHO2021
103;BSB DISBRAVE;TABELA IMOVEL ;VENDEDOR DE PARCEIRO - DEZ/17
104;BSB DISBRAVE;TABELA IMOVEL ;VENDEDOR DE PARCEIRO - JAN/2018
105;BSB DISBRAVE;TABELA IMOVEL ;VENDEDOR PARCEIRO - TIPO DN
106;BSB DISBRAVE;TABELA IMOVEL 100%;CONSULTOR 007 - EQ. INTERNAS
107;BSB DISBRAVE;TABELA IMOVEL 100%;CONSULTOR 007 - EQ. INTERNAS - INSIDE SALES
108;BSB DISBRAVE;TABELA IMOVEL 100%;CONSULTOR AUTÔNOMO - MEI
109;BSB DISBRAVE;TABELA IMOVEL 100%;CONSULTOR CLT - A PARTIR JAN-2018
110;BSB DISBRAVE;TABELA IMOVEL 100%;CONSULTOR DE PARCEIRO
111;BSB DISBRAVE;TABELA IMOVEL 100%;CONSULTOR FREE LANCER
112;BSB DISBRAVE;TABELA IMOVEL 100%;CONSULTOR INSIDE SALES CLT
113;BSB DISBRAVE;TABELA IMOVEL 100%;CONSULTOR INTERNO INSIDE SALES
114;BSB DISBRAVE;TABELA IMOVEL 100%;CONSULTOR MEI - CONTRATO TEMPORÁRIO
115;BSB DISBRAVE;TABELA IMOVEL 100%;CONSULTOR TELL
116;BSB DISBRAVE;TABELA IMOVEL 100%;FUNCIONARIO/ESTAGIÁRIO
117;BSB DISBRAVE;TABELA IMOVEL 100%;GERENTE EQUIPE INTERNA
118;BSB DISBRAVE;TABELA IMOVEL 100%;PARCEIRINHO
119;BSB DISBRAVE;TABELA IMOVEL 100%;PARCEIRINHO - SUPERVISOR 
120;BSB DISBRAVE;TABELA IMOVEL 100%;PARCEIRINHO EQUIPE RODRIGO
121;BSB DISBRAVE;TABELA IMOVEL 100%;PARCEIRINHO RODRIGO - FREE LANCE
122;BSB DISBRAVE;TABELA IMOVEL 100%;PARCEIRINHO SOBRAL
123;BSB DISBRAVE;TABELA IMOVEL 100%;PARCEIRO FERREIRA
124;BSB DISBRAVE;TABELA IMOVEL 100%;PARCEIRO TIPO DN A PARTIR 19-07-2018
125;BSB DISBRAVE;TABELA IMOVEL 100%;PARCEIROS EMPRESA - CONTRATOS A PARTIR JAN-2018
126;BSB DISBRAVE;TABELA IMOVEL 100%;PARCEIROS EMPRESAS - CONTRATO ATÉ DEZ-2017
127;BSB DISBRAVE;TABELA IMOVEL 100%;REPRESENTANTE - COM CONSULTOR
128;BSB DISBRAVE;TABELA IMOVEL 100%;REPRESENTANTE DN - 2023
129;BSB DISBRAVE;TABELA IMOVEL 100%;REPRESENTAÇÃO - EDUARDO
130;BSB DISBRAVE;TABELA IMOVEL 100%;REPRESENTAÇÃO - LOCARFLEX
131;BSB DISBRAVE;TABELA IMOVEL 100%;SUPERVISOR CLT - INSIDE SALES
132;BSB DISBRAVE;TABELA IMOVEL 100%;SUPERVISOR EQUIPE CLT - JUNIOR 01/01/18 Á 18/06/2018
133;BSB DISBRAVE;TABELA IMOVEL 100%;SUPERVISOR EQUIPE CLT - JUNIOR A PARTIR DE 19/06/2018 
134;BSB DISBRAVE;TABELA IMOVEL 100%;SUPERVISOR EQUIPE CLT - PLENO ATE DEZ 2017
135;BSB DISBRAVE;TABELA IMOVEL 100%;SUPERVISOR EQUIPE CLT - PLENO INICIO JAN 2018
136;BSB DISBRAVE;TABELA IMOVEL 100%;SUPERVISOR TELL
137;BSB DISBRAVE;TABELA IMOVEL 100%;TIPO DN 2 - JUNHO2021
138;BSB DISBRAVE;TABELA IMOVEL 100%;VENDEDOR DE PARCEIRO - DEZ/17
139;BSB DISBRAVE;TABELA IMOVEL 100%;VENDEDOR DE PARCEIRO - JAN/2018
140;BSB DISBRAVE;TABELA IMOVEL 100%;VENDEDOR PARCEIRO - TIPO DN
141;CAIXA;TABELA IMOVEL;CONSULTOR 007 - EQ. INTERNAS
142;CAIXA;TABELA IMOVEL;CONSULTOR 007 - EQ. INTERNAS - INSIDE SALES
143;CAIXA;TABELA IMOVEL;CONSULTOR AUTÔNOMO - MEI
144;CAIXA;TABELA IMOVEL;CONSULTOR CLT - A PARTIR JAN-2018
145;CAIXA;TABELA IMOVEL;CONSULTOR DE PARCEIRO
146;CAIXA;TABELA IMOVEL;CONSULTOR FREE LANCER
147;CAIXA;TABELA IMOVEL;CONSULTOR INSIDE SALES CLT
148;CAIXA;TABELA IMOVEL;CONSULTOR INTERNO INSIDE SALES
149;CAIXA;TABELA IMOVEL;CONSULTOR MEI - CONTRATO TEMPORÁRIO
150;CAIXA;TABELA IMOVEL;CONSULTOR TELL
151;CAIXA;TABELA IMOVEL;FUNCIONARIO/ESTAGIÁRIO
152;CAIXA;TABELA IMOVEL;GERENTE EQUIPE INTERNA
153;CAIXA;TABELA IMOVEL;PARCEIRINHO
154;CAIXA;TABELA IMOVEL;PARCEIRINHO - SUPERVISOR 
155;CAIXA;TABELA IMOVEL;PARCEIRINHO EQUIPE RODRIGO
156;CAIXA;TABELA IMOVEL;PARCEIRINHO RODRIGO - FREE LANCE
157;CAIXA;TABELA IMOVEL;PARCEIRINHO SOBRAL
158;CAIXA;TABELA IMOVEL;PARCEIRO FERREIRA
159;CAIXA;TABELA IMOVEL;PARCEIRO TIPO DN A PARTIR 19-07-2018
160;CAIXA;TABELA IMOVEL;PARCEIROS EMPRESA - CONTRATOS A PARTIR JAN-2018
161;CAIXA;TABELA IMOVEL;PARCEIROS EMPRESAS - CONTRATO ATÉ DEZ-2017
162;CAIXA;TABELA IMOVEL;REPRESENTANTE - COM CONSULTOR
163;CAIXA;TABELA IMOVEL;REPRESENTANTE DN - 2023
164;CAIXA;TABELA IMOVEL;REPRESENTAÇÃO - EDUARDO
165;CAIXA;TABELA IMOVEL;REPRESENTAÇÃO - LOCARFLEX
166;CAIXA;TABELA IMOVEL;SUPERVISOR CLT - INSIDE SALES
167;CAIXA;TABELA IMOVEL;SUPERVISOR EQUIPE CLT - JUNIOR 01/01/18 Á 18/06/2018
168;CAIXA;TABELA IMOVEL;SUPERVISOR EQUIPE CLT - JUNIOR A PARTIR DE 19/06/2018 
169;CAIXA;TABELA IMOVEL;SUPERVISOR EQUIPE CLT - PLENO ATE DEZ 2017
170;CAIXA;TABELA IMOVEL;SUPERVISOR EQUIPE CLT - PLENO INICIO JAN 2018
171;CAIXA;TABELA IMOVEL;SUPERVISOR TELL
172;CAIXA;TABELA IMOVEL;TIPO DN 2 - JUNHO2021
173;CAIXA;TABELA IMOVEL;VENDEDOR DE PARCEIRO - DEZ/17
174;CAIXA;TABELA IMOVEL;VENDEDOR DE PARCEIRO - JAN/2018
175;CAIXA;TABELA IMOVEL;VENDEDOR PARCEIRO - TIPO DN
176;CAIXA;TABELA AUTOMOVEL;CONSULTOR 007 - EQ. INTERNAS
177;CAIXA;TABELA AUTOMOVEL;CONSULTOR 007 - EQ. INTERNAS - INSIDE SALES
178;CAIXA;TABELA AUTOMOVEL;CONSULTOR AUTÔNOMO - MEI
179;CAIXA;TABELA AUTOMOVEL;CONSULTOR CLT - A PARTIR JAN-2018
180;CAIXA;TABELA AUTOMOVEL;CONSULTOR DE PARCEIRO
181;CAIXA;TABELA AUTOMOVEL;CONSULTOR FREE LANCER
182;CAIXA;TABELA AUTOMOVEL;CONSULTOR INSIDE SALES CLT
183;CAIXA;TABELA AUTOMOVEL;CONSULTOR INTERNO INSIDE SALES
184;CAIXA;TABELA AUTOMOVEL;CONSULTOR MEI - CONTRATO TEMPORÁRIO
185;CAIXA;TABELA AUTOMOVEL;CONSULTOR TELL
186;CAIXA;TABELA AUTOMOVEL;FUNCIONARIO/ESTAGIÁRIO
187;CAIXA;TABELA AUTOMOVEL;GERENTE EQUIPE INTERNA
188;CAIXA;TABELA AUTOMOVEL;PARCEIRINHO
189;CAIXA;TABELA AUTOMOVEL;PARCEIRINHO - SUPERVISOR 
190;CAIXA;TABELA AUTOMOVEL;PARCEIRINHO EQUIPE RODRIGO
191;CAIXA;TABELA AUTOMOVEL;PARCEIRINHO RODRIGO - FREE LANCE
192;CAIXA;TABELA AUTOMOVEL;PARCEIRINHO SOBRAL
193;CAIXA;TABELA AUTOMOVEL;PARCEIRO FERREIRA
194;CAIXA;TABELA AUTOMOVEL;PARCEIRO TIPO DN A PARTIR 19-07-2018
195;CAIXA;TABELA AUTOMOVEL;PARCEIROS EMPRESA - CONTRATOS A PARTIR JAN-2018
196;CAIXA;TABELA AUTOMOVEL;PARCEIROS EMPRESAS - CONTRATO ATÉ DEZ-2017
197;CAIXA;TABELA AUTOMOVEL;REPRESENTANTE - COM CONSULTOR
198;CAIXA;TABELA AUTOMOVEL;REPRESENTANTE DN - 2023
199;CAIXA;TABELA AUTOMOVEL;REPRESENTAÇÃO - EDUARDO
200;CAIXA;TABELA AUTOMOVEL;REPRESENTAÇÃO - LOCARFLEX
201;CAIXA;TABELA AUTOMOVEL;SUPERVISOR CLT - INSIDE SALES
202;CAIXA;TABELA AUTOMOVEL;SUPERVISOR EQUIPE CLT - JUNIOR 01/01/18 Á 18/06/2018
203;CAIXA;TABELA AUTOMOVEL;SUPERVISOR EQUIPE CLT - JUNIOR A PARTIR DE 19/06/2018 
204;CAIXA;TABELA AUTOMOVEL;SUPERVISOR EQUIPE CLT - PLENO ATE DEZ 2017
205;CAIXA;TABELA AUTOMOVEL;SUPERVISOR EQUIPE CLT - PLENO INICIO JAN 2018
206;CAIXA;TABELA AUTOMOVEL;SUPERVISOR TELL
207;CAIXA;TABELA AUTOMOVEL;TIPO DN 2 - JUNHO2021
208;CAIXA;TABELA AUTOMOVEL;VENDEDOR DE PARCEIRO - DEZ/17
209;CAIXA;TABELA AUTOMOVEL;VENDEDOR DE PARCEIRO - JAN/2018
210;CAIXA;TABELA AUTOMOVEL;VENDEDOR PARCEIRO - TIPO DN
211;DISAL;TABELA DISAL NORMAL;CONSULTOR 007 - EQ. INTERNAS
212;DISAL;TABELA DISAL NORMAL;CONSULTOR 007 - EQ. INTERNAS - INSIDE SALES
213;DISAL;TABELA DISAL NORMAL;CONSULTOR AUTÔNOMO - MEI
214;DISAL;TABELA DISAL NORMAL;CONSULTOR CLT - A PARTIR JAN-2018
215;DISAL;TABELA DISAL NORMAL;CONSULTOR DE PARCEIRO
216;DISAL;TABELA DISAL NORMAL;CONSULTOR FREE LANCER
217;DISAL;TABELA DISAL NORMAL;CONSULTOR INSIDE SALES CLT
218;DISAL;TABELA DISAL NORMAL;CONSULTOR INTERNO INSIDE SALES
219;DISAL;TABELA DISAL NORMAL;CONSULTOR MEI - CONTRATO TEMPORÁRIO
220;DISAL;TABELA DISAL NORMAL;CONSULTOR TELL
221;DISAL;TABELA DISAL NORMAL;FUNCIONARIO/ESTAGIÁRIO
222;DISAL;TABELA DISAL NORMAL;GERENTE EQUIPE INTERNA
223;DISAL;TABELA DISAL NORMAL;PARCEIRINHO
224;DISAL;TABELA DISAL NORMAL;PARCEIRINHO - SUPERVISOR 
225;DISAL;TABELA DISAL NORMAL;PARCEIRINHO EQUIPE RODRIGO
226;DISAL;TABELA DISAL NORMAL;PARCEIRINHO RODRIGO - FREE LANCE
227;DISAL;TABELA DISAL NORMAL;PARCEIRINHO SOBRAL
228;DISAL;TABELA DISAL NORMAL;PARCEIRO FERREIRA
229;DISAL;TABELA DISAL NORMAL;PARCEIRO TIPO DN A PARTIR 19-07-2018
230;DISAL;TABELA DISAL NORMAL;PARCEIROS EMPRESA - CONTRATOS A PARTIR JAN-2018
231;DISAL;TABELA DISAL NORMAL;PARCEIROS EMPRESAS - CONTRATO ATÉ DEZ-2017
232;DISAL;TABELA DISAL NORMAL;REPRESENTANTE - COM CONSULTOR
233;DISAL;TABELA DISAL NORMAL;REPRESENTANTE DN - 2023
234;DISAL;TABELA DISAL NORMAL;REPRESENTAÇÃO - EDUARDO
235;DISAL;TABELA DISAL NORMAL;REPRESENTAÇÃO - LOCARFLEX
236;DISAL;TABELA DISAL NORMAL;SUPERVISOR CLT - INSIDE SALES
237;DISAL;TABELA DISAL NORMAL;SUPERVISOR EQUIPE CLT - JUNIOR 01/01/18 Á 18/06/2018
238;DISAL;TABELA DISAL NORMAL;SUPERVISOR EQUIPE CLT - JUNIOR A PARTIR DE 19/06/2018 
239;DISAL;TABELA DISAL NORMAL;SUPERVISOR EQUIPE CLT - PLENO ATE DEZ 2017
240;DISAL;TABELA DISAL NORMAL;SUPERVISOR EQUIPE CLT - PLENO INICIO JAN 2018
241;DISAL;TABELA DISAL NORMAL;SUPERVISOR TELL
242;DISAL;TABELA DISAL NORMAL;TIPO DN 2 - JUNHO2021
243;DISAL;TABELA DISAL NORMAL;VENDEDOR DE PARCEIRO - DEZ/17
244;DISAL;TABELA DISAL NORMAL;VENDEDOR DE PARCEIRO - JAN/2018
245;DISAL;TABELA DISAL NORMAL;VENDEDOR PARCEIRO - TIPO DN
246;DISAL;TABELA DISAL FERIAS;CONSULTOR 007 - EQ. INTERNAS
247;DISAL;TABELA DISAL FERIAS;CONSULTOR 007 - EQ. INTERNAS - INSIDE SALES
248;DISAL;TABELA DISAL FERIAS;CONSULTOR AUTÔNOMO - MEI
249;DISAL;TABELA DISAL FERIAS;CONSULTOR CLT - A PARTIR JAN-2018
250;DISAL;TABELA DISAL FERIAS;CONSULTOR DE PARCEIRO
251;DISAL;TABELA DISAL FERIAS;CONSULTOR FREE LANCER
252;DISAL;TABELA DISAL FERIAS;CONSULTOR INSIDE SALES CLT
253;DISAL;TABELA DISAL FERIAS;CONSULTOR INTERNO INSIDE SALES
254;DISAL;TABELA DISAL FERIAS;CONSULTOR MEI - CONTRATO TEMPORÁRIO
255;DISAL;TABELA DISAL FERIAS;CONSULTOR TELL
256;DISAL;TABELA DISAL FERIAS;FUNCIONARIO/ESTAGIÁRIO
257;DISAL;TABELA DISAL FERIAS;GERENTE EQUIPE INTERNA
258;DISAL;TABELA DISAL FERIAS;PARCEIRINHO
259;DISAL;TABELA DISAL FERIAS;PARCEIRINHO - SUPERVISOR 
260;DISAL;TABELA DISAL FERIAS;PARCEIRINHO EQUIPE RODRIGO
261;DISAL;TABELA DISAL FERIAS;PARCEIRINHO RODRIGO - FREE LANCE
262;DISAL;TABELA DISAL FERIAS;PARCEIRINHO SOBRAL
263;DISAL;TABELA DISAL FERIAS;PARCEIRO FERREIRA
264;DISAL;TABELA DISAL FERIAS;PARCEIRO TIPO DN A PARTIR 19-07-2018
265;DISAL;TABELA DISAL FERIAS;PARCEIROS EMPRESA - CONTRATOS A PARTIR JAN-2018
266;DISAL;TABELA DISAL FERIAS;PARCEIROS EMPRESAS - CONTRATO ATÉ DEZ-2017
267;DISAL;TABELA DISAL FERIAS;REPRESENTANTE - COM CONSULTOR
268;DISAL;TABELA DISAL FERIAS;REPRESENTANTE DN - 2023
269;DISAL;TABELA DISAL FERIAS;REPRESENTAÇÃO - EDUARDO
270;DISAL;TABELA DISAL FERIAS;REPRESENTAÇÃO - LOCARFLEX
271;DISAL;TABELA DISAL FERIAS;SUPERVISOR CLT - INSIDE SALES
272;DISAL;TABELA DISAL FERIAS;SUPERVISOR EQUIPE CLT - JUNIOR 01/01/18 Á 18/06/2018
273;DISAL;TABELA DISAL FERIAS;SUPERVISOR EQUIPE CLT - JUNIOR A PARTIR DE 19/06/2018 
274;DISAL;TABELA DISAL FERIAS;SUPERVISOR EQUIPE CLT - PLENO ATE DEZ 2017
275;DISAL;TABELA DISAL FERIAS;SUPERVISOR EQUIPE CLT - PLENO INICIO JAN 2018
276;DISAL;TABELA DISAL FERIAS;SUPERVISOR TELL
277;DISAL;TABELA DISAL FERIAS;TIPO DN 2 - JUNHO2021
278;DISAL;TABELA DISAL FERIAS;VENDEDOR DE PARCEIRO - DEZ/17
279;DISAL;TABELA DISAL FERIAS;VENDEDOR DE PARCEIRO - JAN/2018
280;DISAL;TABELA DISAL FERIAS;VENDEDOR PARCEIRO - TIPO DN
281;DISAL PARCEIROS;TABELA NORMAL;CONSULTOR 007 - EQ. INTERNAS
282;DISAL PARCEIROS;TABELA NORMAL;CONSULTOR 007 - EQ. INTERNAS - INSIDE SALES
283;DISAL PARCEIROS;TABELA NORMAL;CONSULTOR AUTÔNOMO - MEI
284;DISAL PARCEIROS;TABELA NORMAL;CONSULTOR CLT - A PARTIR JAN-2018
285;DISAL PARCEIROS;TABELA NORMAL;CONSULTOR DE PARCEIRO
286;DISAL PARCEIROS;TABELA NORMAL;CONSULTOR FREE LANCER
287;DISAL PARCEIROS;TABELA NORMAL;CONSULTOR INSIDE SALES CLT
288;DISAL PARCEIROS;TABELA NORMAL;CONSULTOR INTERNO INSIDE SALES
289;DISAL PARCEIROS;TABELA NORMAL;CONSULTOR MEI - CONTRATO TEMPORÁRIO
290;DISAL PARCEIROS;TABELA NORMAL;CONSULTOR TELL
291;DISAL PARCEIROS;TABELA NORMAL;FUNCIONARIO/ESTAGIÁRIO
292;DISAL PARCEIROS;TABELA NORMAL;GERENTE EQUIPE INTERNA
293;DISAL PARCEIROS;TABELA NORMAL;PARCEIRINHO
294;DISAL PARCEIROS;TABELA NORMAL;PARCEIRINHO - SUPERVISOR 
295;DISAL PARCEIROS;TABELA NORMAL;PARCEIRINHO EQUIPE RODRIGO
296;DISAL PARCEIROS;TABELA NORMAL;PARCEIRINHO RODRIGO - FREE LANCE
297;DISAL PARCEIROS;TABELA NORMAL;PARCEIRINHO SOBRAL
298;DISAL PARCEIROS;TABELA NORMAL;PARCEIRO FERREIRA
299;DISAL PARCEIROS;TABELA NORMAL;PARCEIRO TIPO DN A PARTIR 19-07-2018
300;DISAL PARCEIROS;TABELA NORMAL;PARCEIROS EMPRESA - CONTRATOS A PARTIR JAN-2018
301;DISAL PARCEIROS;TABELA NORMAL;PARCEIROS EMPRESAS - CONTRATO ATÉ DEZ-2017
302;DISAL PARCEIROS;TABELA NORMAL;REPRESENTANTE - COM CONSULTOR
303;DISAL PARCEIROS;TABELA NORMAL;REPRESENTANTE DN - 2023
304;DISAL PARCEIROS;TABELA NORMAL;REPRESENTAÇÃO - EDUARDO
305;DISAL PARCEIROS;TABELA NORMAL;REPRESENTAÇÃO - LOCARFLEX
306;DISAL PARCEIROS;TABELA NORMAL;SUPERVISOR CLT - INSIDE SALES
307;DISAL PARCEIROS;TABELA NORMAL;SUPERVISOR EQUIPE CLT - JUNIOR 01/01/18 Á 18/06/2018
308;DISAL PARCEIROS;TABELA NORMAL;SUPERVISOR EQUIPE CLT - JUNIOR A PARTIR DE 19/06/2018 
309;DISAL PARCEIROS;TABELA NORMAL;SUPERVISOR EQUIPE CLT - PLENO ATE DEZ 2017
310;DISAL PARCEIROS;TABELA NORMAL;SUPERVISOR EQUIPE CLT - PLENO INICIO JAN 2018
311;DISAL PARCEIROS;TABELA NORMAL;SUPERVISOR TELL
312;DISAL PARCEIROS;TABELA NORMAL;TIPO DN 2 - JUNHO2021
313;DISAL PARCEIROS;TABELA NORMAL;VENDEDOR DE PARCEIRO - DEZ/17
314;DISAL PARCEIROS;TABELA NORMAL;VENDEDOR DE PARCEIRO - JAN/2018
315;DISAL PARCEIROS;TABELA NORMAL;VENDEDOR PARCEIRO - TIPO DN
316;EMBRACON;TABELA B - NORMAL;CONSULTOR 007 - EQ. INTERNAS
317;EMBRACON;TABELA B - NORMAL;CONSULTOR 007 - EQ. INTERNAS - INSIDE SALES
318;EMBRACON;TABELA B - NORMAL;CONSULTOR AUTÔNOMO - MEI
319;EMBRACON;TABELA B - NORMAL;CONSULTOR CLT - A PARTIR JAN-2018
320;EMBRACON;TABELA B - NORMAL;CONSULTOR DE PARCEIRO
321;EMBRACON;TABELA B - NORMAL;CONSULTOR FREE LANCER
322;EMBRACON;TABELA B - NORMAL;CONSULTOR INSIDE SALES CLT
323;EMBRACON;TABELA B - NORMAL;CONSULTOR INTERNO INSIDE SALES
324;EMBRACON;TABELA B - NORMAL;CONSULTOR MEI - CONTRATO TEMPORÁRIO
325;EMBRACON;TABELA B - NORMAL;CONSULTOR TELL
326;EMBRACON;TABELA B - NORMAL;FUNCIONARIO/ESTAGIÁRIO
327;EMBRACON;TABELA B - NORMAL;GERENTE EQUIPE INTERNA
328;EMBRACON;TABELA B - NORMAL;PARCEIRINHO
329;EMBRACON;TABELA B - NORMAL;PARCEIRINHO - SUPERVISOR 
330;EMBRACON;TABELA B - NORMAL;PARCEIRINHO EQUIPE RODRIGO
331;EMBRACON;TABELA B - NORMAL;PARCEIRINHO RODRIGO - FREE LANCE
332;EMBRACON;TABELA B - NORMAL;PARCEIRINHO SOBRAL
333;EMBRACON;TABELA B - NORMAL;PARCEIRO FERREIRA
334;EMBRACON;TABELA B - NORMAL;PARCEIRO TIPO DN A PARTIR 19-07-2018
335;EMBRACON;TABELA B - NORMAL;PARCEIROS EMPRESA - CONTRATOS A PARTIR JAN-2018
336;EMBRACON;TABELA B - NORMAL;PARCEIROS EMPRESAS - CONTRATO ATÉ DEZ-2017
337;EMBRACON;TABELA B - NORMAL;REPRESENTANTE - COM CONSULTOR
338;EMBRACON;TABELA B - NORMAL;REPRESENTANTE DN - 2023
339;EMBRACON;TABELA B - NORMAL;REPRESENTAÇÃO - EDUARDO
340;EMBRACON;TABELA B - NORMAL;REPRESENTAÇÃO - LOCARFLEX
341;EMBRACON;TABELA B - NORMAL;SUPERVISOR CLT - INSIDE SALES
342;EMBRACON;TABELA B - NORMAL;SUPERVISOR EQUIPE CLT - JUNIOR 01/01/18 Á 18/06/2018
343;EMBRACON;TABELA B - NORMAL;SUPERVISOR EQUIPE CLT - JUNIOR A PARTIR DE 19/06/2018 
344;EMBRACON;TABELA B - NORMAL;SUPERVISOR EQUIPE CLT - PLENO ATE DEZ 2017
345;EMBRACON;TABELA B - NORMAL;SUPERVISOR EQUIPE CLT - PLENO INICIO JAN 2018
346;EMBRACON;TABELA B - NORMAL;SUPERVISOR TELL
347;EMBRACON;TABELA B - NORMAL;TIPO DN 2 - JUNHO2021
348;EMBRACON;TABELA B - NORMAL;VENDEDOR DE PARCEIRO - DEZ/17
349;EMBRACON;TABELA B - NORMAL;VENDEDOR DE PARCEIRO - JAN/2018
350;EMBRACON;TABELA B - NORMAL;VENDEDOR PARCEIRO - TIPO DN
351;EMBRACON;"TABELA ""D"" - EXCEÇÃO";CONSULTOR 007 - EQ. INTERNAS
352;EMBRACON;"TABELA ""D"" - EXCEÇÃO";CONSULTOR 007 - EQ. INTERNAS - INSIDE SALES
353;EMBRACON;"TABELA ""D"" - EXCEÇÃO";CONSULTOR AUTÔNOMO - MEI
354;EMBRACON;"TABELA ""D"" - EXCEÇÃO";CONSULTOR CLT - A PARTIR JAN-2018
355;EMBRACON;"TABELA ""D"" - EXCEÇÃO";CONSULTOR DE PARCEIRO
356;EMBRACON;"TABELA ""D"" - EXCEÇÃO";CONSULTOR FREE LANCER
357;EMBRACON;"TABELA ""D"" - EXCEÇÃO";CONSULTOR INSIDE SALES CLT
358;EMBRACON;"TABELA ""D"" - EXCEÇÃO";CONSULTOR INTERNO INSIDE SALES
359;EMBRACON;"TABELA ""D"" - EXCEÇÃO";CONSULTOR MEI - CONTRATO TEMPORÁRIO
360;EMBRACON;"TABELA ""D"" - EXCEÇÃO";CONSULTOR TELL
361;EMBRACON;"TABELA ""D"" - EXCEÇÃO";FUNCIONARIO/ESTAGIÁRIO
362;EMBRACON;"TABELA ""D"" - EXCEÇÃO";GERENTE EQUIPE INTERNA
363;EMBRACON;"TABELA ""D"" - EXCEÇÃO";PARCEIRINHO
364;EMBRACON;"TABELA ""D"" - EXCEÇÃO";PARCEIRINHO - SUPERVISOR 
365;EMBRACON;"TABELA ""D"" - EXCEÇÃO";PARCEIRINHO EQUIPE RODRIGO
366;EMBRACON;"TABELA ""D"" - EXCEÇÃO";PARCEIRINHO RODRIGO - FREE LANCE
367;EMBRACON;"TABELA ""D"" - EXCEÇÃO";PARCEIRINHO SOBRAL
368;EMBRACON;"TABELA ""D"" - EXCEÇÃO";PARCEIRO FERREIRA
369;EMBRACON;"TABELA ""D"" - EXCEÇÃO";PARCEIRO TIPO DN A PARTIR 19-07-2018
370;EMBRACON;"TABELA ""D"" - EXCEÇÃO";PARCEIROS EMPRESA - CONTRATOS A PARTIR JAN-2018
371;EMBRACON;"TABELA ""D"" - EXCEÇÃO";PARCEIROS EMPRESAS - CONTRATO ATÉ DEZ-2017
372;EMBRACON;"TABELA ""D"" - EXCEÇÃO";REPRESENTANTE - COM CONSULTOR
373;EMBRACON;"TABELA ""D"" - EXCEÇÃO";REPRESENTANTE DN - 2023
374;EMBRACON;"TABELA ""D"" - EXCEÇÃO";REPRESENTAÇÃO - EDUARDO
375;EMBRACON;"TABELA ""D"" - EXCEÇÃO";REPRESENTAÇÃO - LOCARFLEX
376;EMBRACON;"TABELA ""D"" - EXCEÇÃO";SUPERVISOR CLT - INSIDE SALES
377;EMBRACON;"TABELA ""D"" - EXCEÇÃO";SUPERVISOR EQUIPE CLT - JUNIOR 01/01/18 Á 18/06/2018
378;EMBRACON;"TABELA ""D"" - EXCEÇÃO";SUPERVISOR EQUIPE CLT - JUNIOR A PARTIR DE 19/06/2018 
379;EMBRACON;"TABELA ""D"" - EXCEÇÃO";SUPERVISOR EQUIPE CLT - PLENO ATE DEZ 2017
380;EMBRACON;"TABELA ""D"" - EXCEÇÃO";SUPERVISOR EQUIPE CLT - PLENO INICIO JAN 2018
381;EMBRACON;"TABELA ""D"" - EXCEÇÃO";SUPERVISOR TELL
382;EMBRACON;"TABELA ""D"" - EXCEÇÃO";TIPO DN 2 - JUNHO2021
383;EMBRACON;"TABELA ""D"" - EXCEÇÃO";VENDEDOR DE PARCEIRO - DEZ/17
384;EMBRACON;"TABELA ""D"" - EXCEÇÃO";VENDEDOR DE PARCEIRO - JAN/2018
385;EMBRACON;"TABELA ""D"" - EXCEÇÃO";VENDEDOR PARCEIRO - TIPO DN
386;FIAT / ITAÚ;TABELA FIAT / ITAU;CONSULTOR 007 - EQ. INTERNAS
387;FIAT / ITAÚ;TABELA FIAT / ITAU;CONSULTOR 007 - EQ. INTERNAS - INSIDE SALES
388;FIAT / ITAÚ;TABELA FIAT / ITAU;CONSULTOR AUTÔNOMO - MEI
389;FIAT / ITAÚ;TABELA FIAT / ITAU;CONSULTOR CLT - A PARTIR JAN-2018
390;FIAT / ITAÚ;TABELA FIAT / ITAU;CONSULTOR DE PARCEIRO
391;FIAT / ITAÚ;TABELA FIAT / ITAU;CONSULTOR FREE LANCER
392;FIAT / ITAÚ;TABELA FIAT / ITAU;CONSULTOR INSIDE SALES CLT
393;FIAT / ITAÚ;TABELA FIAT / ITAU;CONSULTOR INTERNO INSIDE SALES
394;FIAT / ITAÚ;TABELA FIAT / ITAU;CONSULTOR MEI - CONTRATO TEMPORÁRIO
395;FIAT / ITAÚ;TABELA FIAT / ITAU;CONSULTOR TELL
396;FIAT / ITAÚ;TABELA FIAT / ITAU;FUNCIONARIO/ESTAGIÁRIO
397;FIAT / ITAÚ;TABELA FIAT / ITAU;GERENTE EQUIPE INTERNA
398;FIAT / ITAÚ;TABELA FIAT / ITAU;PARCEIRINHO
399;FIAT / ITAÚ;TABELA FIAT / ITAU;PARCEIRINHO - SUPERVISOR 
400;FIAT / ITAÚ;TABELA FIAT / ITAU;PARCEIRINHO EQUIPE RODRIGO
401;FIAT / ITAÚ;TABELA FIAT / ITAU;PARCEIRINHO RODRIGO - FREE LANCE
402;FIAT / ITAÚ;TABELA FIAT / ITAU;PARCEIRINHO SOBRAL
403;FIAT / ITAÚ;TABELA FIAT / ITAU;PARCEIRO FERREIRA
404;FIAT / ITAÚ;TABELA FIAT / ITAU;PARCEIRO TIPO DN A PARTIR 19-07-2018
405;FIAT / ITAÚ;TABELA FIAT / ITAU;PARCEIROS EMPRESA - CONTRATOS A PARTIR JAN-2018
406;FIAT / ITAÚ;TABELA FIAT / ITAU;PARCEIROS EMPRESAS - CONTRATO ATÉ DEZ-2017
407;FIAT / ITAÚ;TABELA FIAT / ITAU;REPRESENTANTE - COM CONSULTOR
408;FIAT / ITAÚ;TABELA FIAT / ITAU;REPRESENTANTE DN - 2023
409;FIAT / ITAÚ;TABELA FIAT / ITAU;REPRESENTAÇÃO - EDUARDO
410;FIAT / ITAÚ;TABELA FIAT / ITAU;REPRESENTAÇÃO - LOCARFLEX
411;FIAT / ITAÚ;TABELA FIAT / ITAU;SUPERVISOR CLT - INSIDE SALES
412;FIAT / ITAÚ;TABELA FIAT / ITAU;SUPERVISOR EQUIPE CLT - JUNIOR 01/01/18 Á 18/06/2018
413;FIAT / ITAÚ;TABELA FIAT / ITAU;SUPERVISOR EQUIPE CLT - JUNIOR A PARTIR DE 19/06/2018 
414;FIAT / ITAÚ;TABELA FIAT / ITAU;SUPERVISOR EQUIPE CLT - PLENO ATE DEZ 2017
415;FIAT / ITAÚ;TABELA FIAT / ITAU;SUPERVISOR EQUIPE CLT - PLENO INICIO JAN 2018
416;FIAT / ITAÚ;TABELA FIAT / ITAU;SUPERVISOR TELL
417;FIAT / ITAÚ;TABELA FIAT / ITAU;TIPO DN 2 - JUNHO2021
418;FIAT / ITAÚ;TABELA FIAT / ITAU;VENDEDOR DE PARCEIRO - DEZ/17
419;FIAT / ITAÚ;TABELA FIAT / ITAU;VENDEDOR DE PARCEIRO - JAN/2018
420;FIAT / ITAÚ;TABELA FIAT / ITAU;VENDEDOR PARCEIRO - TIPO DN
421;GM - CHEVROLET;TABELA NORMAL AUTOMOVEL;CONSULTOR 007 - EQ. INTERNAS
422;GM - CHEVROLET;TABELA NORMAL AUTOMOVEL;CONSULTOR 007 - EQ. INTERNAS - INSIDE SALES
423;GM - CHEVROLET;TABELA NORMAL AUTOMOVEL;CONSULTOR AUTÔNOMO - MEI
424;GM - CHEVROLET;TABELA NORMAL AUTOMOVEL;CONSULTOR CLT - A PARTIR JAN-2018
425;GM - CHEVROLET;TABELA NORMAL AUTOMOVEL;CONSULTOR DE PARCEIRO
426;GM - CHEVROLET;TABELA NORMAL AUTOMOVEL;CONSULTOR FREE LANCER
427;GM - CHEVROLET;TABELA NORMAL AUTOMOVEL;CONSULTOR INSIDE SALES CLT
428;GM - CHEVROLET;TABELA NORMAL AUTOMOVEL;CONSULTOR INTERNO INSIDE SALES
429;GM - CHEVROLET;TABELA NORMAL AUTOMOVEL;CONSULTOR MEI - CONTRATO TEMPORÁRIO
430;GM - CHEVROLET;TABELA NORMAL AUTOMOVEL;CONSULTOR TELL
431;GM - CHEVROLET;TABELA NORMAL AUTOMOVEL;FUNCIONARIO/ESTAGIÁRIO
432;GM - CHEVROLET;TABELA NORMAL AUTOMOVEL;GERENTE EQUIPE INTERNA
433;GM - CHEVROLET;TABELA NORMAL AUTOMOVEL;PARCEIRINHO
434;GM - CHEVROLET;TABELA NORMAL AUTOMOVEL;PARCEIRINHO - SUPERVISOR 
435;GM - CHEVROLET;TABELA NORMAL AUTOMOVEL;PARCEIRINHO EQUIPE RODRIGO
436;GM - CHEVROLET;TABELA NORMAL AUTOMOVEL;PARCEIRINHO RODRIGO - FREE LANCE
437;GM - CHEVROLET;TABELA NORMAL AUTOMOVEL;PARCEIRINHO SOBRAL
438;GM - CHEVROLET;TABELA NORMAL AUTOMOVEL;PARCEIRO FERREIRA
439;GM - CHEVROLET;TABELA NORMAL AUTOMOVEL;PARCEIRO TIPO DN A PARTIR 19-07-2018
440;GM - CHEVROLET;TABELA NORMAL AUTOMOVEL;PARCEIROS EMPRESA - CONTRATOS A PARTIR JAN-2018
441;GM - CHEVROLET;TABELA NORMAL AUTOMOVEL;PARCEIROS EMPRESAS - CONTRATO ATÉ DEZ-2017
442;GM - CHEVROLET;TABELA NORMAL AUTOMOVEL;REPRESENTANTE - COM CONSULTOR
443;GM - CHEVROLET;TABELA NORMAL AUTOMOVEL;REPRESENTANTE DN - 2023
444;GM - CHEVROLET;TABELA NORMAL AUTOMOVEL;REPRESENTAÇÃO - EDUARDO
445;GM - CHEVROLET;TABELA NORMAL AUTOMOVEL;REPRESENTAÇÃO - LOCARFLEX
446;GM - CHEVROLET;TABELA NORMAL AUTOMOVEL;SUPERVISOR CLT - INSIDE SALES
447;GM - CHEVROLET;TABELA NORMAL AUTOMOVEL;SUPERVISOR EQUIPE CLT - JUNIOR 01/01/18 Á 18/06/2018
448;GM - CHEVROLET;TABELA NORMAL AUTOMOVEL;SUPERVISOR EQUIPE CLT - JUNIOR A PARTIR DE 19/06/2018 
449;GM - CHEVROLET;TABELA NORMAL AUTOMOVEL;SUPERVISOR EQUIPE CLT - PLENO ATE DEZ 2017
450;GM - CHEVROLET;TABELA NORMAL AUTOMOVEL;SUPERVISOR EQUIPE CLT - PLENO INICIO JAN 2018
451;GM - CHEVROLET;TABELA NORMAL AUTOMOVEL;SUPERVISOR TELL
452;GM - CHEVROLET;TABELA NORMAL AUTOMOVEL;TIPO DN 2 - JUNHO2021
453;GM - CHEVROLET;TABELA NORMAL AUTOMOVEL;VENDEDOR DE PARCEIRO - DEZ/17
454;GM - CHEVROLET;TABELA NORMAL AUTOMOVEL;VENDEDOR DE PARCEIRO - JAN/2018
455;GM - CHEVROLET;TABELA NORMAL AUTOMOVEL;VENDEDOR PARCEIRO - TIPO DN
456;RENAULT / NISSAN;TABELA RENAULT/NISSAN NORMAL;CONSULTOR 007 - EQ. INTERNAS
457;RENAULT / NISSAN;TABELA RENAULT/NISSAN NORMAL;CONSULTOR 007 - EQ. INTERNAS - INSIDE SALES
458;RENAULT / NISSAN;TABELA RENAULT/NISSAN NORMAL;CONSULTOR AUTÔNOMO - MEI
459;RENAULT / NISSAN;TABELA RENAULT/NISSAN NORMAL;CONSULTOR CLT - A PARTIR JAN-2018
460;RENAULT / NISSAN;TABELA RENAULT/NISSAN NORMAL;CONSULTOR DE PARCEIRO
461;RENAULT / NISSAN;TABELA RENAULT/NISSAN NORMAL;CONSULTOR FREE LANCER
462;RENAULT / NISSAN;TABELA RENAULT/NISSAN NORMAL;CONSULTOR INSIDE SALES CLT
463;RENAULT / NISSAN;TABELA RENAULT/NISSAN NORMAL;CONSULTOR INTERNO INSIDE SALES
464;RENAULT / NISSAN;TABELA RENAULT/NISSAN NORMAL;CONSULTOR MEI - CONTRATO TEMPORÁRIO
465;RENAULT / NISSAN;TABELA RENAULT/NISSAN NORMAL;CONSULTOR TELL
466;RENAULT / NISSAN;TABELA RENAULT/NISSAN NORMAL;FUNCIONARIO/ESTAGIÁRIO
467;RENAULT / NISSAN;TABELA RENAULT/NISSAN NORMAL;GERENTE EQUIPE INTERNA
468;RENAULT / NISSAN;TABELA RENAULT/NISSAN NORMAL;PARCEIRINHO
469;RENAULT / NISSAN;TABELA RENAULT/NISSAN NORMAL;PARCEIRINHO - SUPERVISOR 
470;RENAULT / NISSAN;TABELA RENAULT/NISSAN NORMAL;PARCEIRINHO EQUIPE RODRIGO
471;RENAULT / NISSAN;TABELA RENAULT/NISSAN NORMAL;PARCEIRINHO RODRIGO - FREE LANCE
472;RENAULT / NISSAN;TABELA RENAULT/NISSAN NORMAL;PARCEIRINHO SOBRAL
473;RENAULT / NISSAN;TABELA RENAULT/NISSAN NORMAL;PARCEIRO FERREIRA
474;RENAULT / NISSAN;TABELA RENAULT/NISSAN NORMAL;PARCEIRO TIPO DN A PARTIR 19-07-2018
475;RENAULT / NISSAN;TABELA RENAULT/NISSAN NORMAL;PARCEIROS EMPRESA - CONTRATOS A PARTIR JAN-2018
476;RENAULT / NISSAN;TABELA RENAULT/NISSAN NORMAL;PARCEIROS EMPRESAS - CONTRATO ATÉ DEZ-2017
477;RENAULT / NISSAN;TABELA RENAULT/NISSAN NORMAL;REPRESENTANTE - COM CONSULTOR
478;RENAULT / NISSAN;TABELA RENAULT/NISSAN NORMAL;REPRESENTANTE DN - 2023
479;RENAULT / NISSAN;TABELA RENAULT/NISSAN NORMAL;REPRESENTAÇÃO - EDUARDO
480;RENAULT / NISSAN;TABELA RENAULT/NISSAN NORMAL;REPRESENTAÇÃO - LOCARFLEX
481;RENAULT / NISSAN;TABELA RENAULT/NISSAN NORMAL;SUPERVISOR CLT - INSIDE SALES
482;RENAULT / NISSAN;TABELA RENAULT/NISSAN NORMAL;SUPERVISOR EQUIPE CLT - JUNIOR 01/01/18 Á 18/06/2018
483;RENAULT / NISSAN;TABELA RENAULT/NISSAN NORMAL;SUPERVISOR EQUIPE CLT - JUNIOR A PARTIR DE 19/06/2018 
484;RENAULT / NISSAN;TABELA RENAULT/NISSAN NORMAL;SUPERVISOR EQUIPE CLT - PLENO ATE DEZ 2017
485;RENAULT / NISSAN;TABELA RENAULT/NISSAN NORMAL;SUPERVISOR EQUIPE CLT - PLENO INICIO JAN 2018
486;RENAULT / NISSAN;TABELA RENAULT/NISSAN NORMAL;SUPERVISOR TELL
487;RENAULT / NISSAN;TABELA RENAULT/NISSAN NORMAL;TIPO DN 2 - JUNHO2021
488;RENAULT / NISSAN;TABELA RENAULT/NISSAN NORMAL;VENDEDOR DE PARCEIRO - DEZ/17
489;RENAULT / NISSAN;TABELA RENAULT/NISSAN NORMAL;VENDEDOR DE PARCEIRO - JAN/2018
490;RENAULT / NISSAN;TABELA RENAULT/NISSAN NORMAL;VENDEDOR PARCEIRO - TIPO DN
491;RENAULT / NISSAN;TABELA RENAULT/NISSAN FERIAS;CONSULTOR 007 - EQ. INTERNAS
492;RENAULT / NISSAN;TABELA RENAULT/NISSAN FERIAS;CONSULTOR 007 - EQ. INTERNAS - INSIDE SALES
493;RENAULT / NISSAN;TABELA RENAULT/NISSAN FERIAS;CONSULTOR AUTÔNOMO - MEI
494;RENAULT / NISSAN;TABELA RENAULT/NISSAN FERIAS;CONSULTOR CLT - A PARTIR JAN-2018
495;RENAULT / NISSAN;TABELA RENAULT/NISSAN FERIAS;CONSULTOR DE PARCEIRO
496;RENAULT / NISSAN;TABELA RENAULT/NISSAN FERIAS;CONSULTOR FREE LANCER
497;RENAULT / NISSAN;TABELA RENAULT/NISSAN FERIAS;CONSULTOR INSIDE SALES CLT
498;RENAULT / NISSAN;TABELA RENAULT/NISSAN FERIAS;CONSULTOR INTERNO INSIDE SALES
499;RENAULT / NISSAN;TABELA RENAULT/NISSAN FERIAS;CONSULTOR MEI - CONTRATO TEMPORÁRIO
500;RENAULT / NISSAN;TABELA RENAULT/NISSAN FERIAS;CONSULTOR TELL
501;RENAULT / NISSAN;TABELA RENAULT/NISSAN FERIAS;FUNCIONARIO/ESTAGIÁRIO
502;RENAULT / NISSAN;TABELA RENAULT/NISSAN FERIAS;GERENTE EQUIPE INTERNA
503;RENAULT / NISSAN;TABELA RENAULT/NISSAN FERIAS;PARCEIRINHO
504;RENAULT / NISSAN;TABELA RENAULT/NISSAN FERIAS;PARCEIRINHO - SUPERVISOR 
505;RENAULT / NISSAN;TABELA RENAULT/NISSAN FERIAS;PARCEIRINHO EQUIPE RODRIGO
506;RENAULT / NISSAN;TABELA RENAULT/NISSAN FERIAS;PARCEIRINHO RODRIGO - FREE LANCE
507;RENAULT / NISSAN;TABELA RENAULT/NISSAN FERIAS;PARCEIRINHO SOBRAL
508;RENAULT / NISSAN;TABELA RENAULT/NISSAN FERIAS;PARCEIRO FERREIRA
509;RENAULT / NISSAN;TABELA RENAULT/NISSAN FERIAS;PARCEIRO TIPO DN A PARTIR 19-07-2018
510;RENAULT / NISSAN;TABELA RENAULT/NISSAN FERIAS;PARCEIROS EMPRESA - CONTRATOS A PARTIR JAN-2018
511;RENAULT / NISSAN;TABELA RENAULT/NISSAN FERIAS;PARCEIROS EMPRESAS - CONTRATO ATÉ DEZ-2017
512;RENAULT / NISSAN;TABELA RENAULT/NISSAN FERIAS;REPRESENTANTE - COM CONSULTOR
513;RENAULT / NISSAN;TABELA RENAULT/NISSAN FERIAS;REPRESENTANTE DN - 2023
514;RENAULT / NISSAN;TABELA RENAULT/NISSAN FERIAS;REPRESENTAÇÃO - EDUARDO
515;RENAULT / NISSAN;TABELA RENAULT/NISSAN FERIAS;REPRESENTAÇÃO - LOCARFLEX
516;RENAULT / NISSAN;TABELA RENAULT/NISSAN FERIAS;SUPERVISOR CLT - INSIDE SALES
517;RENAULT / NISSAN;TABELA RENAULT/NISSAN FERIAS;SUPERVISOR EQUIPE CLT - JUNIOR 01/01/18 Á 18/06/2018
518;RENAULT / NISSAN;TABELA RENAULT/NISSAN FERIAS;SUPERVISOR EQUIPE CLT - JUNIOR A PARTIR DE 19/06/2018 
519;RENAULT / NISSAN;TABELA RENAULT/NISSAN FERIAS;SUPERVISOR EQUIPE CLT - PLENO ATE DEZ 2017
520;RENAULT / NISSAN;TABELA RENAULT/NISSAN FERIAS;SUPERVISOR EQUIPE CLT - PLENO INICIO JAN 2018
521;RENAULT / NISSAN;TABELA RENAULT/NISSAN FERIAS;SUPERVISOR TELL
522;RENAULT / NISSAN;TABELA RENAULT/NISSAN FERIAS;TIPO DN 2 - JUNHO2021
523;RENAULT / NISSAN;TABELA RENAULT/NISSAN FERIAS;VENDEDOR DE PARCEIRO - DEZ/17
524;RENAULT / NISSAN;TABELA RENAULT/NISSAN FERIAS;VENDEDOR DE PARCEIRO - JAN/2018
525;RENAULT / NISSAN;TABELA RENAULT/NISSAN FERIAS;VENDEDOR PARCEIRO - TIPO DN
526;RODOBENS;TABELA IMOVEL RODOBENS;CONSULTOR 007 - EQ. INTERNAS
527;RODOBENS;TABELA IMOVEL RODOBENS;CONSULTOR 007 - EQ. INTERNAS - INSIDE SALES
528;RODOBENS;TABELA IMOVEL RODOBENS;CONSULTOR AUTÔNOMO - MEI
529;RODOBENS;TABELA IMOVEL RODOBENS;CONSULTOR CLT - A PARTIR JAN-2018
530;RODOBENS;TABELA IMOVEL RODOBENS;CONSULTOR DE PARCEIRO
531;RODOBENS;TABELA IMOVEL RODOBENS;CONSULTOR FREE LANCER
532;RODOBENS;TABELA IMOVEL RODOBENS;CONSULTOR INSIDE SALES CLT
533;RODOBENS;TABELA IMOVEL RODOBENS;CONSULTOR INTERNO INSIDE SALES
534;RODOBENS;TABELA IMOVEL RODOBENS;CONSULTOR MEI - CONTRATO TEMPORÁRIO
535;RODOBENS;TABELA IMOVEL RODOBENS;CONSULTOR TELL
536;RODOBENS;TABELA IMOVEL RODOBENS;FUNCIONARIO/ESTAGIÁRIO
537;RODOBENS;TABELA IMOVEL RODOBENS;GERENTE EQUIPE INTERNA
538;RODOBENS;TABELA IMOVEL RODOBENS;PARCEIRINHO
539;RODOBENS;TABELA IMOVEL RODOBENS;PARCEIRINHO - SUPERVISOR 
540;RODOBENS;TABELA IMOVEL RODOBENS;PARCEIRINHO EQUIPE RODRIGO
541;RODOBENS;TABELA IMOVEL RODOBENS;PARCEIRINHO RODRIGO - FREE LANCE
542;RODOBENS;TABELA IMOVEL RODOBENS;PARCEIRINHO SOBRAL
543;RODOBENS;TABELA IMOVEL RODOBENS;PARCEIRO FERREIRA
544;RODOBENS;TABELA IMOVEL RODOBENS;PARCEIRO TIPO DN A PARTIR 19-07-2018
545;RODOBENS;TABELA IMOVEL RODOBENS;PARCEIROS EMPRESA - CONTRATOS A PARTIR JAN-2018
546;RODOBENS;TABELA IMOVEL RODOBENS;PARCEIROS EMPRESAS - CONTRATO ATÉ DEZ-2017
547;RODOBENS;TABELA IMOVEL RODOBENS;REPRESENTANTE - COM CONSULTOR
548;RODOBENS;TABELA IMOVEL RODOBENS;REPRESENTANTE DN - 2023
549;RODOBENS;TABELA IMOVEL RODOBENS;REPRESENTAÇÃO - EDUARDO
550;RODOBENS;TABELA IMOVEL RODOBENS;REPRESENTAÇÃO - LOCARFLEX
551;RODOBENS;TABELA IMOVEL RODOBENS;SUPERVISOR CLT - INSIDE SALES
552;RODOBENS;TABELA IMOVEL RODOBENS;SUPERVISOR EQUIPE CLT - JUNIOR 01/01/18 Á 18/06/2018
553;RODOBENS;TABELA IMOVEL RODOBENS;SUPERVISOR EQUIPE CLT - JUNIOR A PARTIR DE 19/06/2018 
554;RODOBENS;TABELA IMOVEL RODOBENS;SUPERVISOR EQUIPE CLT - PLENO ATE DEZ 2017
555;RODOBENS;TABELA IMOVEL RODOBENS;SUPERVISOR EQUIPE CLT - PLENO INICIO JAN 2018
556;RODOBENS;TABELA IMOVEL RODOBENS;SUPERVISOR TELL
557;RODOBENS;TABELA IMOVEL RODOBENS;TIPO DN 2 - JUNHO2021
558;RODOBENS;TABELA IMOVEL RODOBENS;VENDEDOR DE PARCEIRO - DEZ/17
559;RODOBENS;TABELA IMOVEL RODOBENS;VENDEDOR DE PARCEIRO - JAN/2018
560;RODOBENS;TABELA IMOVEL RODOBENS;VENDEDOR PARCEIRO - TIPO DN
561;RODOBENS;TABELA MOTO RODOBENS;CONSULTOR 007 - EQ. INTERNAS
562;RODOBENS;TABELA MOTO RODOBENS;CONSULTOR 007 - EQ. INTERNAS - INSIDE SALES
563;RODOBENS;TABELA MOTO RODOBENS;CONSULTOR AUTÔNOMO - MEI
564;RODOBENS;TABELA MOTO RODOBENS;CONSULTOR CLT - A PARTIR JAN-2018
565;RODOBENS;TABELA MOTO RODOBENS;CONSULTOR DE PARCEIRO
566;RODOBENS;TABELA MOTO RODOBENS;CONSULTOR FREE LANCER
567;RODOBENS;TABELA MOTO RODOBENS;CONSULTOR INSIDE SALES CLT
568;RODOBENS;TABELA MOTO RODOBENS;CONSULTOR INTERNO INSIDE SALES
569;RODOBENS;TABELA MOTO RODOBENS;CONSULTOR MEI - CONTRATO TEMPORÁRIO
570;RODOBENS;TABELA MOTO RODOBENS;CONSULTOR TELL
571;RODOBENS;TABELA MOTO RODOBENS;FUNCIONARIO/ESTAGIÁRIO
572;RODOBENS;TABELA MOTO RODOBENS;GERENTE EQUIPE INTERNA
573;RODOBENS;TABELA MOTO RODOBENS;PARCEIRINHO
574;RODOBENS;TABELA MOTO RODOBENS;PARCEIRINHO - SUPERVISOR 
575;RODOBENS;TABELA MOTO RODOBENS;PARCEIRINHO EQUIPE RODRIGO
576;RODOBENS;TABELA MOTO RODOBENS;PARCEIRINHO RODRIGO - FREE LANCE
577;RODOBENS;TABELA MOTO RODOBENS;PARCEIRINHO SOBRAL
578;RODOBENS;TABELA MOTO RODOBENS;PARCEIRO FERREIRA
579;RODOBENS;TABELA MOTO RODOBENS;PARCEIRO TIPO DN A PARTIR 19-07-2018
580;RODOBENS;TABELA MOTO RODOBENS;PARCEIROS EMPRESA - CONTRATOS A PARTIR JAN-2018
581;RODOBENS;TABELA MOTO RODOBENS;PARCEIROS EMPRESAS - CONTRATO ATÉ DEZ-2017
582;RODOBENS;TABELA MOTO RODOBENS;REPRESENTANTE - COM CONSULTOR
583;RODOBENS;TABELA MOTO RODOBENS;REPRESENTANTE DN - 2023
584;RODOBENS;TABELA MOTO RODOBENS;REPRESENTAÇÃO - EDUARDO
585;RODOBENS;TABELA MOTO RODOBENS;REPRESENTAÇÃO - LOCARFLEX
586;RODOBENS;TABELA MOTO RODOBENS;SUPERVISOR CLT - INSIDE SALES
587;RODOBENS;TABELA MOTO RODOBENS;SUPERVISOR EQUIPE CLT - JUNIOR 01/01/18 Á 18/06/2018
588;RODOBENS;TABELA MOTO RODOBENS;SUPERVISOR EQUIPE CLT - JUNIOR A PARTIR DE 19/06/2018 
589;RODOBENS;TABELA MOTO RODOBENS;SUPERVISOR EQUIPE CLT - PLENO ATE DEZ 2017
590;RODOBENS;TABELA MOTO RODOBENS;SUPERVISOR EQUIPE CLT - PLENO INICIO JAN 2018
591;RODOBENS;TABELA MOTO RODOBENS;SUPERVISOR TELL
592;RODOBENS;TABELA MOTO RODOBENS;TIPO DN 2 - JUNHO2021
593;RODOBENS;TABELA MOTO RODOBENS;VENDEDOR DE PARCEIRO - DEZ/17
594;RODOBENS;TABELA MOTO RODOBENS;VENDEDOR DE PARCEIRO - JAN/2018
595;RODOBENS;TABELA MOTO RODOBENS;VENDEDOR PARCEIRO - TIPO DN
596;RODOBENS;TABELA AUTOMOVEL RODOBENS;CONSULTOR 007 - EQ. INTERNAS
597;RODOBENS;TABELA AUTOMOVEL RODOBENS;CONSULTOR 007 - EQ. INTERNAS - INSIDE SALES
598;RODOBENS;TABELA AUTOMOVEL RODOBENS;CONSULTOR AUTÔNOMO - MEI
599;RODOBENS;TABELA AUTOMOVEL RODOBENS;CONSULTOR CLT - A PARTIR JAN-2018
600;RODOBENS;TABELA AUTOMOVEL RODOBENS;CONSULTOR DE PARCEIRO
601;RODOBENS;TABELA AUTOMOVEL RODOBENS;CONSULTOR FREE LANCER
602;RODOBENS;TABELA AUTOMOVEL RODOBENS;CONSULTOR INSIDE SALES CLT
603;RODOBENS;TABELA AUTOMOVEL RODOBENS;CONSULTOR INTERNO INSIDE SALES
604;RODOBENS;TABELA AUTOMOVEL RODOBENS;CONSULTOR MEI - CONTRATO TEMPORÁRIO
605;RODOBENS;TABELA AUTOMOVEL RODOBENS;CONSULTOR TELL
606;RODOBENS;TABELA AUTOMOVEL RODOBENS;FUNCIONARIO/ESTAGIÁRIO
607;RODOBENS;TABELA AUTOMOVEL RODOBENS;GERENTE EQUIPE INTERNA
608;RODOBENS;TABELA AUTOMOVEL RODOBENS;PARCEIRINHO
609;RODOBENS;TABELA AUTOMOVEL RODOBENS;PARCEIRINHO - SUPERVISOR 
610;RODOBENS;TABELA AUTOMOVEL RODOBENS;PARCEIRINHO EQUIPE RODRIGO
611;RODOBENS;TABELA AUTOMOVEL RODOBENS;PARCEIRINHO RODRIGO - FREE LANCE
612;RODOBENS;TABELA AUTOMOVEL RODOBENS;PARCEIRINHO SOBRAL
613;RODOBENS;TABELA AUTOMOVEL RODOBENS;PARCEIRO FERREIRA
614;RODOBENS;TABELA AUTOMOVEL RODOBENS;PARCEIRO TIPO DN A PARTIR 19-07-2018
615;RODOBENS;TABELA AUTOMOVEL RODOBENS;PARCEIROS EMPRESA - CONTRATOS A PARTIR JAN-2018
616;RODOBENS;TABELA AUTOMOVEL RODOBENS;PARCEIROS EMPRESAS - CONTRATO ATÉ DEZ-2017
617;RODOBENS;TABELA AUTOMOVEL RODOBENS;REPRESENTANTE - COM CONSULTOR
618;RODOBENS;TABELA AUTOMOVEL RODOBENS;REPRESENTANTE DN - 2023
619;RODOBENS;TABELA AUTOMOVEL RODOBENS;REPRESENTAÇÃO - EDUARDO
620;RODOBENS;TABELA AUTOMOVEL RODOBENS;REPRESENTAÇÃO - LOCARFLEX
621;RODOBENS;TABELA AUTOMOVEL RODOBENS;SUPERVISOR CLT - INSIDE SALES
622;RODOBENS;TABELA AUTOMOVEL RODOBENS;SUPERVISOR EQUIPE CLT - JUNIOR 01/01/18 Á 18/06/2018
623;RODOBENS;TABELA AUTOMOVEL RODOBENS;SUPERVISOR EQUIPE CLT - JUNIOR A PARTIR DE 19/06/2018 
624;RODOBENS;TABELA AUTOMOVEL RODOBENS;SUPERVISOR EQUIPE CLT - PLENO ATE DEZ 2017
625;RODOBENS;TABELA AUTOMOVEL RODOBENS;SUPERVISOR EQUIPE CLT - PLENO INICIO JAN 2018
626;RODOBENS;TABELA AUTOMOVEL RODOBENS;SUPERVISOR TELL
627;RODOBENS;TABELA AUTOMOVEL RODOBENS;TIPO DN 2 - JUNHO2021
628;RODOBENS;TABELA AUTOMOVEL RODOBENS;VENDEDOR DE PARCEIRO - DEZ/17
629;RODOBENS;TABELA AUTOMOVEL RODOBENS;VENDEDOR DE PARCEIRO - JAN/2018
630;RODOBENS;TABELA AUTOMOVEL RODOBENS;VENDEDOR PARCEIRO - TIPO DN
631;RODOBENS;TABELA CAMINHÃO RODOBENS;CONSULTOR 007 - EQ. INTERNAS
632;RODOBENS;TABELA CAMINHÃO RODOBENS;CONSULTOR 007 - EQ. INTERNAS - INSIDE SALES
633;RODOBENS;TABELA CAMINHÃO RODOBENS;CONSULTOR AUTÔNOMO - MEI
634;RODOBENS;TABELA CAMINHÃO RODOBENS;CONSULTOR CLT - A PARTIR JAN-2018
635;RODOBENS;TABELA CAMINHÃO RODOBENS;CONSULTOR DE PARCEIRO
636;RODOBENS;TABELA CAMINHÃO RODOBENS;CONSULTOR FREE LANCER
637;RODOBENS;TABELA CAMINHÃO RODOBENS;CONSULTOR INSIDE SALES CLT
638;RODOBENS;TABELA CAMINHÃO RODOBENS;CONSULTOR INTERNO INSIDE SALES
639;RODOBENS;TABELA CAMINHÃO RODOBENS;CONSULTOR MEI - CONTRATO TEMPORÁRIO
640;RODOBENS;TABELA CAMINHÃO RODOBENS;CONSULTOR TELL
641;RODOBENS;TABELA CAMINHÃO RODOBENS;FUNCIONARIO/ESTAGIÁRIO
642;RODOBENS;TABELA CAMINHÃO RODOBENS;GERENTE EQUIPE INTERNA
643;RODOBENS;TABELA CAMINHÃO RODOBENS;PARCEIRINHO
644;RODOBENS;TABELA CAMINHÃO RODOBENS;PARCEIRINHO - SUPERVISOR 
645;RODOBENS;TABELA CAMINHÃO RODOBENS;PARCEIRINHO EQUIPE RODRIGO
646;RODOBENS;TABELA CAMINHÃO RODOBENS;PARCEIRINHO RODRIGO - FREE LANCE
647;RODOBENS;TABELA CAMINHÃO RODOBENS;PARCEIRINHO SOBRAL
648;RODOBENS;TABELA CAMINHÃO RODOBENS;PARCEIRO FERREIRA
649;RODOBENS;TABELA CAMINHÃO RODOBENS;PARCEIRO TIPO DN A PARTIR 19-07-2018
650;RODOBENS;TABELA CAMINHÃO RODOBENS;PARCEIROS EMPRESA - CONTRATOS A PARTIR JAN-2018
651;RODOBENS;TABELA CAMINHÃO RODOBENS;PARCEIROS EMPRESAS - CONTRATO ATÉ DEZ-2017
652;RODOBENS;TABELA CAMINHÃO RODOBENS;REPRESENTANTE - COM CONSULTOR
653;RODOBENS;TABELA CAMINHÃO RODOBENS;REPRESENTANTE DN - 2023
654;RODOBENS;TABELA CAMINHÃO RODOBENS;REPRESENTAÇÃO - EDUARDO
655;RODOBENS;TABELA CAMINHÃO RODOBENS;REPRESENTAÇÃO - LOCARFLEX
656;RODOBENS;TABELA CAMINHÃO RODOBENS;SUPERVISOR CLT - INSIDE SALES
657;RODOBENS;TABELA CAMINHÃO RODOBENS;SUPERVISOR EQUIPE CLT - JUNIOR 01/01/18 Á 18/06/2018
658;RODOBENS;TABELA CAMINHÃO RODOBENS;SUPERVISOR EQUIPE CLT - JUNIOR A PARTIR DE 19/06/2018 
659;RODOBENS;TABELA CAMINHÃO RODOBENS;SUPERVISOR EQUIPE CLT - PLENO ATE DEZ 2017
660;RODOBENS;TABELA CAMINHÃO RODOBENS;SUPERVISOR EQUIPE CLT - PLENO INICIO JAN 2018
661;RODOBENS;TABELA CAMINHÃO RODOBENS;SUPERVISOR TELL
662;RODOBENS;TABELA CAMINHÃO RODOBENS;TIPO DN 2 - JUNHO2021
663;RODOBENS;TABELA CAMINHÃO RODOBENS;VENDEDOR DE PARCEIRO - DEZ/17
664;RODOBENS;TABELA CAMINHÃO RODOBENS;VENDEDOR DE PARCEIRO - JAN/2018
665;RODOBENS;TABELA CAMINHÃO RODOBENS;VENDEDOR PARCEIRO - TIPO DN
666;RODOBENS;TABELA CAMINHÃO RODOBENS;CONSULTOR 007 - EQ. INTERNAS
667;RODOBENS;TABELA CAMINHÃO RODOBENS;CONSULTOR 007 - EQ. INTERNAS - INSIDE SALES
668;RODOBENS;TABELA CAMINHÃO RODOBENS;CONSULTOR AUTÔNOMO - MEI
669;RODOBENS;TABELA CAMINHÃO RODOBENS;CONSULTOR CLT - A PARTIR JAN-2018
670;RODOBENS;TABELA CAMINHÃO RODOBENS;CONSULTOR DE PARCEIRO
671;RODOBENS;TABELA CAMINHÃO RODOBENS;CONSULTOR FREE LANCER
672;RODOBENS;TABELA CAMINHÃO RODOBENS;CONSULTOR INSIDE SALES CLT
673;RODOBENS;TABELA CAMINHÃO RODOBENS;CONSULTOR INTERNO INSIDE SALES
674;RODOBENS;TABELA CAMINHÃO RODOBENS;CONSULTOR MEI - CONTRATO TEMPORÁRIO
675;RODOBENS;TABELA CAMINHÃO RODOBENS;CONSULTOR TELL
676;RODOBENS;TABELA CAMINHÃO RODOBENS;FUNCIONARIO/ESTAGIÁRIO
677;RODOBENS;TABELA CAMINHÃO RODOBENS;GERENTE EQUIPE INTERNA
678;RODOBENS;TABELA CAMINHÃO RODOBENS;PARCEIRINHO
679;RODOBENS;TABELA CAMINHÃO RODOBENS;PARCEIRINHO - SUPERVISOR 
680;RODOBENS;TABELA CAMINHÃO RODOBENS;PARCEIRINHO EQUIPE RODRIGO
681;RODOBENS;TABELA CAMINHÃO RODOBENS;PARCEIRINHO RODRIGO - FREE LANCE
682;RODOBENS;TABELA CAMINHÃO RODOBENS;PARCEIRINHO SOBRAL
683;RODOBENS;TABELA CAMINHÃO RODOBENS;PARCEIRO FERREIRA
684;RODOBENS;TABELA CAMINHÃO RODOBENS;PARCEIRO TIPO DN A PARTIR 19-07-2018
685;RODOBENS;TABELA CAMINHÃO RODOBENS;PARCEIROS EMPRESA - CONTRATOS A PARTIR JAN-2018
686;RODOBENS;TABELA CAMINHÃO RODOBENS;PARCEIROS EMPRESAS - CONTRATO ATÉ DEZ-2017
687;RODOBENS;TABELA CAMINHÃO RODOBENS;REPRESENTANTE - COM CONSULTOR
688;RODOBENS;TABELA CAMINHÃO RODOBENS;REPRESENTANTE DN - 2023
689;RODOBENS;TABELA CAMINHÃO RODOBENS;REPRESENTAÇÃO - EDUARDO
690;RODOBENS;TABELA CAMINHÃO RODOBENS;REPRESENTAÇÃO - LOCARFLEX
691;RODOBENS;TABELA CAMINHÃO RODOBENS;SUPERVISOR CLT - INSIDE SALES
692;RODOBENS;TABELA CAMINHÃO RODOBENS;SUPERVISOR EQUIPE CLT - JUNIOR 01/01/18 Á 18/06/2018
693;RODOBENS;TABELA CAMINHÃO RODOBENS;SUPERVISOR EQUIPE CLT - JUNIOR A PARTIR DE 19/06/2018 
694;RODOBENS;TABELA CAMINHÃO RODOBENS;SUPERVISOR EQUIPE CLT - PLENO ATE DEZ 2017
695;RODOBENS;TABELA CAMINHÃO RODOBENS;SUPERVISOR EQUIPE CLT - PLENO INICIO JAN 2018
696;RODOBENS;TABELA CAMINHÃO RODOBENS;SUPERVISOR TELL
697;RODOBENS;TABELA CAMINHÃO RODOBENS;TIPO DN 2 - JUNHO2021
698;RODOBENS;TABELA CAMINHÃO RODOBENS;VENDEDOR DE PARCEIRO - DEZ/17
699;RODOBENS;TABELA CAMINHÃO RODOBENS;VENDEDOR DE PARCEIRO - JAN/2018
700;RODOBENS;TABELA CAMINHÃO RODOBENS;VENDEDOR PARCEIRO - TIPO DN
701;VOLKSWAGEN;TABELA NORMAL;CONSULTOR 007 - EQ. INTERNAS
702;VOLKSWAGEN;TABELA NORMAL;CONSULTOR 007 - EQ. INTERNAS - INSIDE SALES
703;VOLKSWAGEN;TABELA NORMAL;CONSULTOR AUTÔNOMO - MEI
704;VOLKSWAGEN;TABELA NORMAL;CONSULTOR CLT - A PARTIR JAN-2018
705;VOLKSWAGEN;TABELA NORMAL;CONSULTOR DE PARCEIRO
706;VOLKSWAGEN;TABELA NORMAL;CONSULTOR FREE LANCER
707;VOLKSWAGEN;TABELA NORMAL;CONSULTOR INSIDE SALES CLT
708;VOLKSWAGEN;TABELA NORMAL;CONSULTOR INTERNO INSIDE SALES
709;VOLKSWAGEN;TABELA NORMAL;CONSULTOR MEI - CONTRATO TEMPORÁRIO
710;VOLKSWAGEN;TABELA NORMAL;CONSULTOR TELL
711;VOLKSWAGEN;TABELA NORMAL;FUNCIONARIO/ESTAGIÁRIO
712;VOLKSWAGEN;TABELA NORMAL;GERENTE EQUIPE INTERNA
713;VOLKSWAGEN;TABELA NORMAL;PARCEIRINHO
714;VOLKSWAGEN;TABELA NORMAL;PARCEIRINHO - SUPERVISOR 
715;VOLKSWAGEN;TABELA NORMAL;PARCEIRINHO EQUIPE RODRIGO
716;VOLKSWAGEN;TABELA NORMAL;PARCEIRINHO RODRIGO - FREE LANCE
717;VOLKSWAGEN;TABELA NORMAL;PARCEIRINHO SOBRAL
718;VOLKSWAGEN;TABELA NORMAL;PARCEIRO FERREIRA
719;VOLKSWAGEN;TABELA NORMAL;PARCEIRO TIPO DN A PARTIR 19-07-2018
720;VOLKSWAGEN;TABELA NORMAL;PARCEIROS EMPRESA - CONTRATOS A PARTIR JAN-2018
721;VOLKSWAGEN;TABELA NORMAL;PARCEIROS EMPRESAS - CONTRATO ATÉ DEZ-2017
722;VOLKSWAGEN;TABELA NORMAL;REPRESENTANTE - COM CONSULTOR
723;VOLKSWAGEN;TABELA NORMAL;REPRESENTANTE DN - 2023
724;VOLKSWAGEN;TABELA NORMAL;REPRESENTAÇÃO - EDUARDO
725;VOLKSWAGEN;TABELA NORMAL;REPRESENTAÇÃO - LOCARFLEX
726;VOLKSWAGEN;TABELA NORMAL;SUPERVISOR CLT - INSIDE SALES
727;VOLKSWAGEN;TABELA NORMAL;SUPERVISOR EQUIPE CLT - JUNIOR 01/01/18 Á 18/06/2018
728;VOLKSWAGEN;TABELA NORMAL;SUPERVISOR EQUIPE CLT - JUNIOR A PARTIR DE 19/06/2018 
729;VOLKSWAGEN;TABELA NORMAL;SUPERVISOR EQUIPE CLT - PLENO ATE DEZ 2017
730;VOLKSWAGEN;TABELA NORMAL;SUPERVISOR EQUIPE CLT - PLENO INICIO JAN 2018
731;VOLKSWAGEN;TABELA NORMAL;SUPERVISOR TELL
732;VOLKSWAGEN;TABELA NORMAL;TIPO DN 2 - JUNHO2021
733;VOLKSWAGEN;TABELA NORMAL;VENDEDOR DE PARCEIRO - DEZ/17
734;VOLKSWAGEN;TABELA NORMAL;VENDEDOR DE PARCEIRO - JAN/2018
735;VOLKSWAGEN;TABELA NORMAL;VENDEDOR PARCEIRO - TIPO DN
736;YAMAHA;YAMAHA MOTO;CONSULTOR 007 - EQ. INTERNAS
737;YAMAHA;YAMAHA MOTO;CONSULTOR 007 - EQ. INTERNAS - INSIDE SALES
738;YAMAHA;YAMAHA MOTO;CONSULTOR AUTÔNOMO - MEI
739;YAMAHA;YAMAHA MOTO;CONSULTOR CLT - A PARTIR JAN-2018
740;YAMAHA;YAMAHA MOTO;CONSULTOR DE PARCEIRO
741;YAMAHA;YAMAHA MOTO;CONSULTOR FREE LANCER
742;YAMAHA;YAMAHA MOTO;CONSULTOR INSIDE SALES CLT
743;YAMAHA;YAMAHA MOTO;CONSULTOR INTERNO INSIDE SALES
744;YAMAHA;YAMAHA MOTO;CONSULTOR MEI - CONTRATO TEMPORÁRIO
745;YAMAHA;YAMAHA MOTO;CONSULTOR TELL
746;YAMAHA;YAMAHA MOTO;FUNCIONARIO/ESTAGIÁRIO
747;YAMAHA;YAMAHA MOTO;GERENTE EQUIPE INTERNA
748;YAMAHA;YAMAHA MOTO;PARCEIRINHO
749;YAMAHA;YAMAHA MOTO;PARCEIRINHO - SUPERVISOR 
750;YAMAHA;YAMAHA MOTO;PARCEIRINHO EQUIPE RODRIGO
751;YAMAHA;YAMAHA MOTO;PARCEIRINHO RODRIGO - FREE LANCE
752;YAMAHA;YAMAHA MOTO;PARCEIRINHO SOBRAL
753;YAMAHA;YAMAHA MOTO;PARCEIRO FERREIRA
754;YAMAHA;YAMAHA MOTO;PARCEIRO TIPO DN A PARTIR 19-07-2018
755;YAMAHA;YAMAHA MOTO;PARCEIROS EMPRESA - CONTRATOS A PARTIR JAN-2018
756;YAMAHA;YAMAHA MOTO;PARCEIROS EMPRESAS - CONTRATO ATÉ DEZ-2017
757;YAMAHA;YAMAHA MOTO;REPRESENTANTE - COM CONSULTOR
758;YAMAHA;YAMAHA MOTO;REPRESENTANTE DN - 2023
759;YAMAHA;YAMAHA MOTO;REPRESENTAÇÃO - EDUARDO
760;YAMAHA;YAMAHA MOTO;REPRESENTAÇÃO - LOCARFLEX
761;YAMAHA;YAMAHA MOTO;SUPERVISOR CLT - INSIDE SALES
762;YAMAHA;YAMAHA MOTO;SUPERVISOR EQUIPE CLT - JUNIOR 01/01/18 Á 18/06/2018
763;YAMAHA;YAMAHA MOTO;SUPERVISOR EQUIPE CLT - JUNIOR A PARTIR DE 19/06/2018 
764;YAMAHA;YAMAHA MOTO;SUPERVISOR EQUIPE CLT - PLENO ATE DEZ 2017
765;YAMAHA;YAMAHA MOTO;SUPERVISOR EQUIPE CLT - PLENO INICIO JAN 2018
766;YAMAHA;YAMAHA MOTO;SUPERVISOR TELL
767;YAMAHA;YAMAHA MOTO;TIPO DN 2 - JUNHO2021
768;YAMAHA;YAMAHA MOTO;VENDEDOR DE PARCEIRO - DEZ/17
769;YAMAHA;YAMAHA MOTO;VENDEDOR DE PARCEIRO - JAN/2018
770;YAMAHA;YAMAHA MOTO;VENDEDOR PARCEIRO - TIPO DN
771;ZEMA;ZEMA MOTO;CONSULTOR 007 - EQ. INTERNAS
772;ZEMA;ZEMA MOTO;CONSULTOR 007 - EQ. INTERNAS - INSIDE SALES
773;ZEMA;ZEMA MOTO;CONSULTOR AUTÔNOMO - MEI
774;ZEMA;ZEMA MOTO;CONSULTOR CLT - A PARTIR JAN-2018
775;ZEMA;ZEMA MOTO;CONSULTOR DE PARCEIRO
776;ZEMA;ZEMA MOTO;CONSULTOR FREE LANCER
777;ZEMA;ZEMA MOTO;CONSULTOR INSIDE SALES CLT
778;ZEMA;ZEMA MOTO;CONSULTOR INTERNO INSIDE SALES
779;ZEMA;ZEMA MOTO;CONSULTOR MEI - CONTRATO TEMPORÁRIO
780;ZEMA;ZEMA MOTO;CONSULTOR TELL
781;ZEMA;ZEMA MOTO;FUNCIONARIO/ESTAGIÁRIO
782;ZEMA;ZEMA MOTO;GERENTE EQUIPE INTERNA
783;ZEMA;ZEMA MOTO;PARCEIRINHO
784;ZEMA;ZEMA MOTO;PARCEIRINHO - SUPERVISOR 
785;ZEMA;ZEMA MOTO;PARCEIRINHO EQUIPE RODRIGO
786;ZEMA;ZEMA MOTO;PARCEIRINHO RODRIGO - FREE LANCE
787;ZEMA;ZEMA MOTO;PARCEIRINHO SOBRAL
788;ZEMA;ZEMA MOTO;PARCEIRO FERREIRA
789;ZEMA;ZEMA MOTO;PARCEIRO TIPO DN A PARTIR 19-07-2018
790;ZEMA;ZEMA MOTO;PARCEIROS EMPRESA - CONTRATOS A PARTIR JAN-2018
791;ZEMA;ZEMA MOTO;PARCEIROS EMPRESAS - CONTRATO ATÉ DEZ-2017
792;ZEMA;ZEMA MOTO;REPRESENTANTE - COM CONSULTOR
793;ZEMA;ZEMA MOTO;REPRESENTANTE DN - 2023
794;ZEMA;ZEMA MOTO;REPRESENTAÇÃO - EDUARDO
795;ZEMA;ZEMA MOTO;REPRESENTAÇÃO - LOCARFLEX
796;ZEMA;ZEMA MOTO;SUPERVISOR CLT - INSIDE SALES
797;ZEMA;ZEMA MOTO;SUPERVISOR EQUIPE CLT - JUNIOR 01/01/18 Á 18/06/2018
798;ZEMA;ZEMA MOTO;SUPERVISOR EQUIPE CLT - JUNIOR A PARTIR DE 19/06/2018 
799;ZEMA;ZEMA MOTO;SUPERVISOR EQUIPE CLT - PLENO ATE DEZ 2017
800;ZEMA;ZEMA MOTO;SUPERVISOR EQUIPE CLT - PLENO INICIO JAN 2018
801;ZEMA;ZEMA MOTO;SUPERVISOR TELL
802;ZEMA;ZEMA MOTO;TIPO DN 2 - JUNHO2021
803;ZEMA;ZEMA MOTO;VENDEDOR DE PARCEIRO - DEZ/17
804;ZEMA;ZEMA MOTO;VENDEDOR DE PARCEIRO - JAN/2018
805;ZEMA;ZEMA MOTO;VENDEDOR PARCEIRO - TIPO DN
